{
    "0": {
        "lows": [
            1182.0,
            1329.0,
            1165.0,
            1681.0,
            188.0,
            385.0,
            198.0,
            661.0
        ],
        "highs": [
            1753.0,
            2272.0,
            2554.0,
            5048.0,
            728.0,
            1202.0,
            1422.0,
            4159.0
        ],
        "means": [
            1300.5500575399055,
            1517.2564598453348,
            1347.1969515610695,
            4045.3302302728725,
            311.49299067252434,
            576.6394351767882,
            382.0506259697064,
            3171.831688153749
        ],
        "shape": [
            1398,
            1654,
            8
        ],
        "proportions": [
            0.016437802838049867
        ],
        "background_proportion": 0.9835621971619501
    },
    "1": {
        "lows": [
            1188.0,
            1319.0,
            1152.0,
            2502.0,
            206.0,
            408.0,
            208.0,
            1651.0
        ],
        "highs": [
            1927.0,
            2200.0,
            2396.0,
            5805.0,
            902.0,
            1246.0,
            1412.0,
            5053.0
        ],
        "means": [
            1303.373864666656,
            1511.1499837347938,
            1321.4262771600902,
            4289.351871766772,
            349.15367327858274,
            619.7756337943678,
            405.15153661085776,
            3442.973823016023
        ],
        "shape": [
            1342,
            1529,
            8
        ],
        "proportions": [
            0.021343445498309386
        ],
        "background_proportion": 0.9786565545016906
    },
    "2": {
        "lows": [
            248.0,
            374.0,
            224.0,
            1278.0,
            1373.0,
            1459.0,
            1334.0,
            2906.0
        ],
        "highs": [
            636.0,
            870.0,
            911.0,
            3842.0,
            1916.0,
            2048.0,
            2124.0,
            4740.0
        ],
        "means": [
            353.224312463346,
            555.3533009597795,
            396.4528373606676,
            2894.1226663040225,
            1573.3830066229793,
            1712.882864020686,
            1567.8724243050972,
            3812.5357412344447
        ],
        "shape": [
            1430,
            1482,
            8
        ],
        "proportions": [
            0.07197182035238715
        ],
        "background_proportion": 0.9280281796476129
    },
    "3": {
        "lows": [
            179.0,
            313.0,
            163.0,
            564.0,
            1217.0,
            1396.0,
            1223.0,
            2670.0
        ],
        "highs": [
            755.0,
            1040.0,
            1190.0,
            3626.0,
            2456.0,
            2880.0,
            3138.0,
            4700.0
        ],
        "means": [
            309.5552542606064,
            505.1827515520473,
            368.33298870143943,
            2588.764702058505,
            1396.763903076579,
            1625.7278329807907,
            1519.8248413558272,
            3818.581154276084
        ],
        "shape": [
            1279,
            2275,
            8
        ],
        "proportions": [
            0.09764737217434637
        ],
        "background_proportion": 0.9023526278256536
    },
    "4": {
        "lows": [
            1286.0,
            1416.0,
            1262.0,
            1304.0,
            1224.0,
            1356.0,
            1213.0,
            1264.0
        ],
        "highs": [
            3736.0,
            3872.0,
            4038.0,
            5176.0,
            3226.0,
            3382.0,
            3570.0,
            5020.0
        ],
        "means": [
            1878.0065199057374,
            2024.2014461260069,
            1977.9413929937236,
            3138.6391092970766,
            1774.63215115452,
            1928.7458385538519,
            1877.418623825395,
            3085.5474552758883
        ],
        "shape": [
            2283,
            3062,
            8
        ],
        "proportions": [
            0.018253938962707633
        ],
        "background_proportion": 0.9817460610372923
    },
    "5": {
        "lows": [
            1286.0,
            1416.0,
            1262.0,
            1304.0,
            1224.0,
            1356.0,
            1213.0,
            1264.0
        ],
        "highs": [
            3736.0,
            3872.0,
            4038.0,
            5176.0,
            3226.0,
            3382.0,
            3570.0,
            5020.0
        ],
        "means": [
            1878.0065199057374,
            2024.2014461260069,
            1977.9413929937236,
            3138.6391092970766,
            1774.63215115452,
            1928.7458385538519,
            1877.418623825395,
            3085.5474552758883
        ],
        "shape": [
            2283,
            3062,
            8
        ],
        "proportions": [
            0.018253938962707633
        ],
        "background_proportion": 0.9817460610372923
    },
    "6": {
        "lows": [
            1212.0,
            1330.0,
            1176.0,
            1148.0,
            1141.0,
            1281.0,
            1161.0,
            1038.0
        ],
        "highs": [
            2472.0,
            2664.0,
            2836.0,
            5104.0,
            2488.0,
            2656.0,
            2736.0,
            5020.0
        ],
        "means": [
            1563.9048836151305,
            1741.5897881132923,
            1529.6658430983882,
            3375.646167954407,
            1411.9390845081994,
            1594.8191623641583,
            1457.8571476023717,
            3076.0070087054523
        ],
        "shape": [
            2777,
            3069,
            8
        ],
        "proportions": [
            0.0643921060360244
        ],
        "background_proportion": 0.9356078939639756
    },
    "7": {
        "lows": [
            1211.0,
            1318.0,
            1169.0,
            1494.0,
            1126.0,
            1266.0,
            1140.0,
            1589.0
        ],
        "highs": [
            4082.0,
            4140.0,
            4232.0,
            5796.0,
            2610.0,
            2880.0,
            2988.0,
            5172.0
        ],
        "means": [
            1564.7477300567753,
            1749.963211820535,
            1585.4155551294753,
            4137.623149879099,
            1395.3382191437915,
            1629.3937896121604,
            1491.3426095026578,
            3927.9620815091766
        ],
        "shape": [
            2319,
            3241,
            8
        ],
        "proportions": [
            0.0074377195268843475
        ],
        "background_proportion": 0.9925622804731157
    },
    "8": {
        "lows": [
            1256.0,
            1379.0,
            1206.0,
            1336.0,
            1171.0,
            1331.0,
            1192.0,
            1122.0
        ],
        "highs": [
            3208.0,
            3566.0,
            4112.0,
            5204.0,
            2882.0,
            3360.0,
            3894.0,
            4916.0
        ],
        "means": [
            1691.686350337127,
            1895.335106168249,
            1793.0547786959296,
            3729.9943985808522,
            1551.246032241022,
            1797.672851184275,
            1707.5676334265345,
            3520.210046123187
        ],
        "shape": [
            2782,
            3269,
            8
        ],
        "proportions": [
            0.01266158644733361
        ],
        "background_proportion": 0.9873384135526664
    },