{
    "0": {
        "lows": [
            1205.0,
            1312.0,
            1176.0,
            1253.0,
            1134.0,
            1280.0,
            1160.0,
            1496.0
        ],
        "highs": [
            2660.0,
            3024.0,
            3338.0,
            5024.0,
            2720.0,
            3036.0,
            3202.0,
            5004.0
        ],
        "means": [
            1410.4432067381551,
            1610.317648718845,
            1441.362614526524,
            3915.7764033414,
            1404.8873944054028,
            1634.7997267508724,
            1486.7876946538233,
            3829.9669776484748
        ],
        "shape": [
            1489,
            1488,
            8
        ],
        "proportions": [
            0.006126017316955162
        ],
        "background_proportion": 0.9938739826830448
    },
    "1": {
        "lows": [
            1279.0,
            1415.0,
            1226.0,
            1474.0,
            1201.0,
            1406.0,
            1233.0,
            1107.0
        ],
        "highs": [
            2630.0,
            2816.0,
            2954.0,
            5136.0,
            2170.0,
            2388.0,
            2608.0,
            5000.0
        ],
        "means": [
            1632.1196949742707,
            1823.2605400265966,
            1691.027607783681,
            3861.0498050225174,
            1427.2940176925201,
            1686.2165412857591,
            1540.6003918822555,
            3740.0295158005642
        ],
        "shape": [
            1203,
            1295,
            8
        ],
        "proportions": [
            0.0014577455973964703
        ],
        "background_proportion": 0.9985422544026036
    },
    "2": {
        "lows": [
            1143.0,
            1306.0,
            1151.0,
            1793.0,
            1279.0,
            1456.0,
            1268.0,
            1807.0
        ],
        "highs": [
            3824.0,
            3878.0,
            3938.0,
            5675.0,
            2870.0,
            3254.0,
            3680.0,
            4707.0
        ],
        "means": [
            1618.8634299184891,
            1862.729517565086,
            1790.4084043121113,
            3804.2240922132696,
            1672.5830719465641,
            1902.502223944656,
            1849.5478017625974,
            3677.816010892414
        ],
        "shape": [
            2099,
            2274,
            8
        ],
        "proportions": [
            0.0030173098300778148
        ],
        "background_proportion": 0.9969826901699221
    },
    "3": {
        "lows": [
            1294.0,
            1412.0,
            1281.0,
            1302.0,
            1285.0,
            1396.0,
            1280.0,
            1396.0
        ],
        "highs": [
            3712.0,
            3800.0,
            3898.399999999965,
            5272.0,
            2908.0,
            3102.0,
            3310.0,
            5072.0
        ],
        "means": [
            1852.046526757853,
            2011.4646481567331,
            1959.5748312173002,
            3162.009369241617,
            1723.5345765920893,
            1882.2697562438887,
            1823.2780658457054,
            3100.9037130246093
        ],
        "shape": [
            519,
            519,
            8
        ],
        "proportions": [
            0.0006014233686391125
        ],
        "background_proportion": 0.9993985766313609
    },
    "4": {
        "lows": [
            1316.0,
            1457.0,
            1282.0,
            1422.0,
            1233.0,
            1406.0,
            1237.0,
            1516.0
        ],
        "highs": [
            2824.0,
            3045.9599999999627,
            3260.0,
            5496.0,
            2750.0,
            2892.0,
            3090.0,
            5388.0
        ],
        "means": [
            1653.5376106005922,
            1861.6327207105742,
            1737.388081159717,
            3579.2058344212082,
            1598.4433963874028,
            1830.1919522870965,
            1702.3614986220255,
            3609.360419279699
        ],
        "shape": [
            533,
            473,
            8
        ],
        "proportions": [
            0.007274631211103134
        ],
        "background_proportion": 0.9927253687888968
    },
    "5": {
        "lows": [
            1386.0,
            1465.0,
            1356.0,
            1277.0,
            1312.0,
            1462.0,
            1309.0,
            1229.0
        ],
        "highs": [
            3394.0,
            3556.0,
            3792.0,
            4480.0,
            3286.0,
            3344.0,
            3474.2399999999907,
            4264.0
        ],
        "means": [
            1889.6499379087672,
            1996.0699892375196,
            1947.6470568755692,
            2317.559731765875,
            1816.1576786157796,
            1919.148687805282,
            1878.6086762149184,
            2234.9142809835253
        ],
        "shape": [
            236,
            258,
            8
        ],
        "proportions": [
            0.02350216791486007
        ],
        "background_proportion": 0.97649783208514
    },
    "6": {
        "lows": [
            1458.0,
            1535.0,
            1392.0,
            1374.0,
            1178.0,
            1306.0,
            1187.0,
            1203.0
        ],
        "highs": [
            4018.0,
            4232.0,
            4430.320000000007,
            4776.0,
            4312.0,
            4462.320000000007,
            4552.0,
            4944.0
        ],
        "means": [
            2195.7409400237775,
            2333.014450867052,
            2386.768386422334,
            2993.6006231295864,
            2020.5982146517445,
            2175.9290575165005,
            2223.2444348788586,
            2913.089738859509
        ],
        "shape": [
            284,
            348,
            8
        ],
        "proportions": [
            0.0044722357131293505
        ],
        "background_proportion": 0.9955277642868706
    },
    "7": {
        "lows": [
            144.0,
            319.0,
            172.0,
            1491.0,
            142.0,
            317.0,
            173.0,
            1387.0
        ],
        "highs": [
            1210.0,
            1614.0,
            2040.0,
            4224.0,
            1324.0,
            1691.0,
            2114.0,
            4194.0
        ],
        "means": [
            370.231113417914,
            591.9316198446617,
            512.2281378669943,
            3171.821494413578,
            367.91220490437064,
            580.6669887859458,
            509.2226863851348,
            3133.1930718132758
        ],
        "shape": [
            3486,
            8476,
            8
        ],
        "proportions": [
            0.0
        ],
        "background_proportion": 1.0
    },
    "8": {
        "lows": [
            165.0,
            310.0,
            182.0,
            984.0,
            156.0,
            305.0,
            174.0,
            1282.0
        ],
        "highs": [
            1212.0,
            1603.0,
            1980.0,
            4603.0,
            1349.0,
            1740.0,
            2108.0,
            4203.0
        ],
        "means": [
            333.63123089138764,
            560.8282825448092,
            469.2821364857454,
            3169.9936208752315,
            371.9380330117863,
            590.6810290097586,
            501.92595170217334,
            3015.4374414418417
        ],
        "shape": [
            3486,
            8476,
            8
        ],
        "proportions": [
            0.0
        ],
        "background_proportion": 1.0
    },